<?xml version="1.0" encoding="UTF-8" standalone="yes" ?><cp:coreProperties xmlns:cp="http://schemas.openxmlformats.org/package/2006/metadata/core-properties" xmlns:dc="http://purl.org/dc/elements/1.1/" xmlns:dcmitype="http://purl.org/dc/dcmitype/" xmlns:dcterms="http://purl.org/dc/terms/" xmlns:xsi="http://www.w3.org/2001/XMLSchema-instance"><cp:category>Model</cp:category><dcterms:created xsi:type="dcterms:W3CDTF">2018-03-12T07:06:45Z</dcterms:created><dc:creator>k18p800a</dc:creator><cp:lastModifiedBy>k18p800a</cp:lastModifiedBy><dcterms:modified xsi:type="dcterms:W3CDTF">2018-03-12T07:49:40Z</dcterms:modified><cp:revision>1.7</cp:revision><cp:version>R2016b</cp:version></cp:coreProperties>